-- Данные для таблицы person (50 записей) с исправленными ролями
INSERT INTO person (first_name, last_name, surname, email, password, enabled, role, created_at)
VALUES ('Иван', 'Иванов', 'Иванович', 'ivan.ivanov1@example.com', 'password123', true, 'ROLE_USER',
        '2024-01-15 10:30:00'),
       ('Петр', 'Петров', 'Петрович', 'petr.petrov2@example.com', 'qwerty456', true, 'ROLE_USER',
        '2024-01-16 11:45:00'),
       ('Мария', 'Сидорова', 'Александровна', 'maria.sidorova3@example.com', '123456789', true, 'ROLE_ADMIN',
        '2024-01-17 09:20:00'),
       ('Анна', 'Козлова', 'Дмитриевна', 'anna.kozlova4@example.com', 'password', false, 'ROLE_USER',
        '2024-01-18 14:15:00'),
       ('Дмитрий', 'Смирнов', 'Сергеевич', 'dmitry.smirnov5@example.com', 'pass123', true, 'ROLE_ADMIN',
        '2024-01-19 16:30:00'),
       ('Елена', 'Волкова', 'Игоревна', 'elena.volkova6@example.com', 'elena2024', true, 'ROLE_USER',
        '2024-01-20 08:50:00'),
       ('Алексей', 'Морозов', 'Владимирович', 'aleksey.morozov7@example.com', 'aleksey77', true, 'ROLE_USER',
        '2024-01-21 13:25:00'),
       ('Ольга', 'Новикова', 'Павловна', 'olga.novikova8@example.com', 'olga5678', false, 'ROLE_ADMIN',
        '2024-01-22 10:10:00'),
       ('Сергей', 'Лебедев', 'Андреевич', 'sergey.lebedev9@example.com', 'sergey999', true, 'ROLE_USER',
        '2024-01-23 12:40:00'),
       ('Татьяна', 'Ковалева', 'Николаевна', 'tatiana.kovaleva10@example.com', 'tatiana10', true, 'ROLE_USER',
        '2024-01-24 15:55:00'),
       ('Андрей', 'Соколов', 'Олегович', 'andrey.sokolov11@example.com', 'andrey111', true, 'ROLE_USER',
        '2024-01-25 09:35:00'),
       ('Наталья', 'Михайлова', 'Валерьевна', 'natalia.mikhaylova12@example.com', 'natalia12', true, 'ROLE_ADMIN',
        '2024-01-26 11:20:00'),
       ('Михаил', 'Федоров', 'Григорьевич', 'mikhail.fedorov13@example.com', 'mikhail13', false, 'ROLE_USER',
        '2024-01-27 14:05:00'),
       ('Екатерина', 'Попова', 'Борисовна', 'ekaterina.popova14@example.com', 'ekaterina14', true, 'ROLE_USER',
        '2024-01-28 16:45:00'),
       ('Владимир', 'Васильев', 'Евгеньевич', 'vladimir.vasiliev15@example.com', 'vladimir15', true, 'ROLE_ADMIN',
        '2024-01-29 08:30:00'),
       ('Юлия', 'Павлова', 'Аркадьевна', 'yulia.pavlova16@example.com', 'yulia16', true, 'ROLE_USER',
        '2024-01-30 10:15:00'),
       ('Александр', 'Зайцев', 'Максимович', 'alexander.zaytsev17@example.com', 'alexander17', true, 'ROLE_USER',
        '2024-01-31 12:50:00'),
       ('Светлана', 'Тарасова', 'Романовна', 'svetlana.tarasova18@example.com', 'svetlana18', false, 'ROLE_ADMIN',
        '2024-02-01 15:20:00'),
       ('Денис', 'Белов', 'Тимофеевич', 'denis.belov19@example.com', 'denis19', true, 'ROLE_USER',
        '2024-02-02 09:40:00'),
       ('Ирина', 'Комарова', 'Станиславовна', 'irina.komarova20@example.com', 'irina20', true, 'ROLE_USER',
        '2024-02-03 11:55:00'),
       ('Николай', 'Орлов', 'Викторович', 'nikolay.orlov21@example.com', 'nikolay21', true, 'ROLE_USER',
        '2024-02-04 14:30:00'),
       ('Оксана', 'Соловьева', 'Даниловна', 'oksana.solovieva22@example.com', 'oksana22', true, 'ROLE_USER',
        '2024-02-05 16:10:00'),
       ('Виталий', 'Богданов', 'Кириллович', 'vitaly.bogdanov23@example.com', 'vitaly23', false, 'ROLE_USER',
        '2024-02-06 08:45:00'),
       ('Алина', 'Воробьева', 'Матвеевна', 'alina.vorobieva24@example.com', 'alina24', true, 'ROLE_ADMIN',
        '2024-02-07 10:35:00'),
       ('Григорий', 'Степанов', 'Ильич', 'grigory.stepanov25@example.com', 'grigory25', true, 'ROLE_USER',
        '2024-02-08 13:15:00'),
       ('Валерия', 'Николаева', 'Егоровна', 'valeria.nikolaeva26@example.com', 'valeria26', true, 'ROLE_USER',
        '2024-02-09 15:50:00'),
       ('Артем', 'Кузнецов', 'Федорович', 'artem.kuznetsov27@example.com', 'artem27', true, 'ROLE_USER',
        '2024-02-10 09:25:00'),
       ('Людмила', 'Ильина', 'Петровна', 'lyudmila.ilina28@example.com', 'lyudmila28', false, 'ROLE_ADMIN',
        '2024-02-11 11:40:00'),
       ('Константин', 'Сергеев', 'Анатольевич', 'konstantin.sergeev29@example.com', 'konstantin29', true, 'ROLE_USER',
        '2024-02-12 14:05:00'),
       ('Василиса', 'Андреева', 'Яновна', 'vasilisa.andreeva30@example.com', 'vasilisa30', true, 'ROLE_USER',
        '2024-02-13 16:30:00'),
       ('Георгий', 'Макаров', 'Русланович', 'georgy.makarov31@example.com', 'georgy31', true, 'ROLE_USER',
        '2024-02-14 08:20:00'),
       ('Зоя', 'Григорьева', 'Семеновна', 'zoya.grigorieva32@example.com', 'zoya32', true, 'ROLE_ADMIN',
        '2024-02-15 10:55:00'),
       ('Роман', 'Никитин', 'Артурович', 'roman.nikitin33@example.com', 'roman33', false, 'ROLE_USER',
        '2024-02-16 13:35:00'),
       ('Ксения', 'Семенова', 'Вадимовна', 'kseniya.semenova34@example.com', 'kseniya34', true, 'ROLE_USER',
        '2024-02-17 15:45:00'),
       ('Илья', 'Жуков', 'Платонович', 'ilya.zhukov35@example.com', 'ilya35', true, 'ROLE_USER', '2024-02-18 09:50:00'),
       ('Надежда', 'Барановская', 'Михайловна', 'nadezhda.baranovskaya36@example.com', 'nadezhda36', true, 'ROLE_USER',
        '2024-02-19 11:15:00'),
       ('Вадим', 'Сорокин', 'Вениаминович', 'vadim.sorokin37@example.com', 'vadim37', true, 'ROLE_ADMIN',
        '2024-02-20 14:40:00'),
       ('Алла', 'Белоусова', 'Тарасовна', 'alla.belousova38@example.com', 'alla38', false, 'ROLE_ADMIN',
        '2024-02-21 16:20:00'),
       ('Евгений', 'Крылов', 'Давидович', 'evgeny.krylov39@example.com', 'evgeny39', true, 'ROLE_USER',
        '2024-02-22 08:55:00'),
       ('Диана', 'Фролова', 'Иосифовна', 'diana.frolova40@example.com', 'diana40', true, 'ROLE_USER',
        '2024-02-23 10:30:00'),
       ('Максим', 'Климов', 'Леонидович', 'maxim.klimov41@example.com', 'maxim41', true, 'ROLE_USER',
        '2024-02-24 13:10:00'),
       ('Лариса', 'Ершова', 'Вячеславовна', 'larisa.ershova42@example.com', 'larisa42', true, 'ROLE_USER',
        '2024-02-25 15:35:00'),
       ('Тимофей', 'Гусев', 'Миронович', 'timofey.gusev43@example.com', 'timofey43', false, 'ROLE_USER',
        '2024-02-26 09:05:00'),
       ('Валентина', 'Титова', 'Захаровна', 'valentina.titova44@example.com', 'valentina44', true, 'ROLE_ADMIN',
        '2024-02-27 11:50:00'),
       ('Борис', 'Львов', 'Никитич', 'boris.lvov45@example.com', 'boris45', true, 'ROLE_USER', '2024-02-28 14:25:00'),
       ('Галина', 'Цветкова', 'Глебовна', 'galina.tsvetkova46@example.com', 'galina46', true, 'ROLE_USER',
        '2024-02-29 16:40:00'),
       ('Станислав', 'Марков', 'Ростиславович', 'stanislav.markov47@example.com', 'stanislav47', true, 'ROLE_USER',
        '2024-03-01 08:15:00'),
       ('Маргарита', 'Зуева', 'Владиславовна', 'margarita.zueva48@example.com', 'margarita48', true, 'ROLE_ADMIN',
        '2024-03-02 10:45:00'),
       ('Вячеслав', 'Казаков', 'Эдуардович', 'vyacheslav.kazakov49@example.com', 'vyacheslav49', false, 'ROLE_USER',
        '2024-03-03 13:20:00'),
       ('Элина', 'Савельева', 'Арсеньевна', 'elina.saveleva50@example.com', 'elina50', true, 'ROLE_ADMIN',
        '2024-03-04 15:55:00');

-- Данные для таблицы test (50 записей)
INSERT INTO test (title, description, duration_minutes, created_by, created_at)
VALUES ('Основы программирования на Python', 'Тест для начинающих по основам Python', 60, 3, '2024-01-15 09:00:00'),
       ('Математический анализ', 'Проверка знаний по дифференциальному исчислению', 90, 8, '2024-01-16 10:30:00'),
       ('Английский язык: Intermediate', 'Грамматика и лексика среднего уровня', 45, 12, '2024-01-17 11:15:00'),
       ('История России XX века', 'Ключевые события и личности', 75, 18, '2024-01-18 13:20:00'),
       ('Физика: Механика', 'Законы Ньютона и кинематика', 80, 24, '2024-01-19 09:45:00'),
       ('Базы данных: SQL', 'Основы SQL и работа с данными', 120, 32, '2024-01-20 14:30:00'),
       ('Литература: Русская классика', 'Произведения XIX века', 60, 38, '2024-01-21 16:00:00'),
       ('Химия: Органическая химия', 'Углеводороды и их производные', 90, 44, '2024-01-22 08:30:00'),
       ('Экономика: Микроэкономика', 'Спрос и предложение, эластичность', 70, 50, '2024-01-23 10:45:00'),
       ('Психология личности', 'Основные теории личности', 55, 3, '2024-01-24 12:15:00'),
       ('Java для начинающих', 'Синтаксис и ООП в Java', 100, 8, '2024-01-25 14:50:00'),
       ('Статистика и вероятность', 'Основы теории вероятностей', 85, 12, '2024-01-26 09:20:00'),
       ('География: Столицы мира', 'Знание столиц разных стран', 40, 18, '2024-01-27 11:35:00'),
       ('Философия: Античность', 'Древнегреческая философия', 65, 24, '2024-01-28 13:55:00'),
       ('Веб-разработка: HTML/CSS', 'Основы верстки', 50, 32, '2024-01-29 15:40:00'),
       ('Биология: Анатомия', 'Системы органов человека', 95, 38, '2024-01-30 08:25:00'),
       ('Маркетинг: Основы', '4P, SWOT-анализ', 60, 44, '2024-01-31 10:10:00'),
       ('Французский язык: Начальный', 'Базовые фразы и грамматика', 45, 50, '2024-02-01 12:45:00'),
       ('Алгоритмы и структуры данных', 'Сортировки, деревья, графы', 150, 3, '2024-02-02 14:30:00'),
       ('Социология: Введение', 'Основные понятия', 50, 8, '2024-02-03 16:15:00'),
       ('Экология и устойчивое развитие', 'Проблемы окружающей среды', 70, 12, '2024-02-04 09:50:00'),
       ('C# и .NET платформа', 'Разработка на C#', 110, 18, '2024-02-05 11:20:00'),
       ('Политология: Теории власти', 'Политические режимы', 65, 24, '2024-02-06 13:40:00'),
       ('JavaScript: Продвинутый', 'Замыкания, прототипы, async/await', 120, 32, '2024-02-07 15:55:00'),
       ('Логика и критическое мышление', 'Основы формальной логики', 55, 38, '2024-02-08 08:35:00'),
       ('Немецкий язык: A1', 'Начальный уровень', 45, 44, '2024-02-09 10:50:00'),
       ('Архитектура компьютера', 'Процессор, память, ввод-вывод', 90, 50, '2024-02-10 12:25:00'),
       ('Бухгалтерский учет', 'Основы двойной записи', 80, 3, '2024-02-11 14:00:00'),
       ('Дизайн: Основы композиции', 'Цвет, форма, баланс', 60, 8, '2024-02-12 16:35:00'),
       ('Медицина: Первая помощь', 'Базовые навыки спасения', 50, 12, '2024-02-13 09:15:00'),
       ('Python: Django Framework', 'Создание веб-приложений', 135, 18, '2024-02-14 11:30:00'),
       ('Культурология: Искусство', 'Эпохи и стили', 70, 24, '2024-02-15 13:45:00'),
       ('Инвестиции и фондовый рынок', 'Акции, облигации, ETF', 100, 32, '2024-02-16 15:20:00'),
       ('Право: Конституционное право', 'Основы правовой системы', 75, 38, '2024-02-17 08:40:00'),
       ('React.js для начинающих', 'Компоненты, хуки, состояние', 110, 44, '2024-02-18 10:55:00'),
       ('Астрономия: Солнечная система', 'Планеты и звезды', 60, 50, '2024-02-19 13:10:00'),
       ('Лингвистика: Фонетика', 'Звуки речи', 55, 3, '2024-02-20 14:45:00'),
       ('Управление проектами', 'Agile, Scrum, Kanban', 90, 8, '2024-02-21 16:30:00'),
       ('Испанский язык: Базовый', 'Основные выражения', 45, 12, '2024-02-22 09:25:00'),
       ('Кибербезопасность', 'Основы защиты информации', 85, 18, '2024-02-23 11:40:00'),
       ('Педагогика: Теория обучения', 'Методы преподавания', 70, 24, '2024-02-24 13:55:00'),
       ('Node.js: Серверный JavaScript', 'Express, MongoDB', 120, 32, '2024-02-25 15:10:00'),
       ('Антропология: Эволюция человека', 'Происхождение Homo sapiens', 65, 38, '2024-02-26 08:50:00'),
       ('Криптография: Основы', 'Шифры и алгоритмы', 95, 44, '2024-02-27 11:05:00'),
       ('Этика и деловое общение', 'Нормы поведения', 50, 50, '2024-02-28 13:20:00'),
       ('SQL: Продвинутый уровень', 'Индексы, транзакции, оптимизация', 130, 3, '2024-02-29 15:35:00'),
       ('Риторика и ораторское искусство', 'Искусство убеждения', 60, 8, '2024-03-01 08:15:00'),
       ('Фотография: Основы', 'Композиция, экспозиция', 55, 12, '2024-03-02 10:30:00'),
       ('Java: Spring Framework', 'Разработка корпоративных приложений', 140, 18, '2024-03-03 12:45:00'),
       ('Микробиология: Введение', 'Микроорганизмы и их роль', 75, 24, '2024-03-04 14:55:00');

-- Данные для таблицы question (по 5 вопросов на каждый тест)
INSERT INTO question (id_test, question_text, type_question, points)
VALUES
-- Вопросы для теста 1 (Python)
(1, 'Какой оператор используется для вывода данных в Python?', 'SINGLE', 2),
(1, 'Какие типы данных являются изменяемыми в Python?', 'MULTIPLE', 3),
(1, 'Напишите функцию для вычисления факториала числа', 'TEXT', 5),
(1, 'Что такое "list comprehension" в Python?', 'SINGLE', 2),
(1, 'Какие методы используются для работы со словарями?', 'MULTIPLE', 3),

-- Вопросы для теста 2 (Математический анализ)
(2, 'Чему равна производная функции f(x) = x²?', 'SINGLE', 2),
(2, 'Какие из перечисленных функций являются непрерывными?', 'MULTIPLE', 3),
(2, 'Вычислите интеграл ∫x dx от 0 до 1', 'TEXT', 4),
(2, 'Что такое предел функции?', 'SINGLE', 2),
(2, 'Какие теоремы относятся к дифференциальному исчислению?', 'MULTIPLE', 3),

-- Вопросы для теста 3 (Английский язык)
(3, 'Как образуется Present Perfect?', 'SINGLE', 1),
(3, 'Какие слова являются неправильными глаголами?', 'MULTIPLE', 2),
(3, 'Напишите предложение в Future Continuous', 'TEXT', 3),
(3, 'Что такое "phrasal verb"?', 'SINGLE', 1),
(3, 'Какие предлоги времени вы знаете?', 'MULTIPLE', 2),

-- Вопросы для теста 4 (История)
(4, 'В каком году произошла Октябрьская революция?', 'SINGLE', 2),
(4, 'Какие события относятся к периоду "оттепели"?', 'MULTIPLE', 3),
(4, 'Опишите причины распада СССР', 'TEXT', 5),
(4, 'Кто был последним императором России?', 'SINGLE', 2),
(4, 'Какие битвы ВОВ вы знаете?', 'MULTIPLE', 3),

-- Вопросы для теста 5 (Физика)
(5, 'Сформулируйте второй закон Ньютона', 'SINGLE', 2),
(5, 'Какие силы действуют на тело на наклонной плоскости?', 'MULTIPLE', 3),
(5, 'Рассчитайте скорость тела через 5 секунд свободного падения', 'TEXT', 4),
(5, 'Что такое инерция?', 'SINGLE', 2),
(5, 'Какие законы сохранения вы знаете?', 'MULTIPLE', 3),

-- Продолжение для всех тестов (для краткости покажу первые 5 тестов, остальные аналогично)
(6, 'Какой оператор SQL используется для выборки данных?', 'SINGLE', 2),
(6, 'Какие типы JOIN существуют в SQL?', 'MULTIPLE', 3),
(6, 'Напишите запрос для создания таблицы', 'TEXT', 5),
(6, 'Что такое первичный ключ?', 'SINGLE', 2),
(6, 'Какие агрегатные функции вы знаете?', 'MULTIPLE', 3),

(7, 'Кто написал роман "Война и мир"?', 'SINGLE', 2),
(7, 'Какие произведения принадлежат Достоевскому?', 'MULTIPLE', 3),
(7, 'Проанализируйте образ Онегина', 'TEXT', 5),
(7, 'Что такое "лишний человек" в литературе?', 'SINGLE', 2),
(7, 'Какие поэты Серебряного века вы знаете?', 'MULTIPLE', 3),

(8, 'Какова формула бензола?', 'SINGLE', 2),
(8, 'Какие углеводороды являются непредельными?', 'MULTIPLE', 3),
(8, 'Опишите механизм реакции замещения', 'TEXT', 4),
(8, 'Что такое изомерия?', 'SINGLE', 2),
(8, 'Какие функциональные группы вы знаете?', 'MULTIPLE', 3),

(9, 'Что такое эластичность спроса?', 'SINGLE', 2),
(9, 'Какие факторы влияют на предложение?', 'MULTIPLE', 3),
(9, 'Объясните закон убывающей предельной полезности', 'TEXT', 4),
(9, 'Что такое рыночное равновесие?', 'SINGLE', 2),
(9, 'Какие типы рыночных структур существуют?', 'MULTIPLE', 3),

(10, 'Кто разработал психоанализ?', 'SINGLE', 2),
(10, 'Какие защитные механизмы описал Фрейд?', 'MULTIPLE', 3),
(10, 'Опишите структуру личности по Фрейду', 'TEXT', 5),
(10, 'Что такое самоактуализация?', 'SINGLE', 2),
(10, 'Какие типы темперамента вы знаете?', 'MULTIPLE', 2);

-- Добавлю остальные тесты (11-50) с аналогичной структурой
-- Для экономии места показываю продолжение с 11 по 20
INSERT INTO question (id_test, question_text, type_question, points)
VALUES (11, 'Что такое ООП?', 'SINGLE', 2),
       (11, 'Какие принципы ООП вы знаете?', 'MULTIPLE', 3),
       (11, 'Напишите класс "Собака" на Java', 'TEXT', 5),
       (11, 'Что такое полиморфизм?', 'SINGLE', 2),
       (11, 'Какие модификаторы доступа есть в Java?', 'MULTIPLE', 3),

       (12, 'Что такое вероятность события?', 'SINGLE', 2),
       (12, 'Какие виды распределений вы знаете?', 'MULTIPLE', 3),
       (12, 'Рассчитайте математическое ожидание для кубика', 'TEXT', 4),
       (12, 'Что такое дисперсия?', 'SINGLE', 2),
       (12, 'Какие методы статистического анализа существуют?', 'MULTIPLE', 3),

       (13, 'Какая столица Франции?', 'SINGLE', 1),
       (13, 'Какие страны имеют выход к Средиземному морю?', 'MULTIPLE', 2),
       (13, 'Перечислите все страны Северной Европы', 'TEXT', 3),
       (13, 'Какая самая большая страна по площади?', 'SINGLE', 1),
       (13, 'Какие горные системы находятся в Азии?', 'MULTIPLE', 2),

       (14, 'Кто был учителем Аристотеля?', 'SINGLE', 2),
       (14, 'Какие философы относятся к досократикам?', 'MULTIPLE', 3),
       (14, 'Изложите основные идеи платонизма', 'TEXT', 5),
       (14, 'Что такое "апейрон" у Анаксимандра?', 'SINGLE', 2),
       (14, 'Какие диалоги Платона вы знаете?', 'MULTIPLE', 3),

       (15, 'Что означает аббревиатура HTML?', 'SINGLE', 1),
       (15, 'Какие теги используются для создания таблиц?', 'MULTIPLE', 2),
       (15, 'Напишите CSS для красного цвета фона', 'TEXT', 2),
       (15, 'Что такое селектор в CSS?', 'SINGLE', 1),
       (15, 'Какие свойства CSS для текста вы знаете?', 'MULTIPLE', 2),

       (16, 'Сколько костей в теле человека?', 'SINGLE', 2),
       (16, 'Какие органы относятся к пищеварительной системе?', 'MULTIPLE', 3),
       (16, 'Опишите путь крови по малому кругу кровообращения', 'TEXT', 4),
       (16, 'Что такое гомеостаз?', 'SINGLE', 2),
       (16, 'Какие виды тканей существуют?', 'MULTIPLE', 3),

       (17, 'Что такое SWOT-анализ?', 'SINGLE', 2),
       (17, 'Какие элементы входят в комплекс маркетинга 4P?', 'MULTIPLE', 3),
       (17, 'Проведите сегментацию рынка смартфонов', 'TEXT', 4),
       (17, 'Что такое бренд?', 'SINGLE', 2),
       (17, 'Какие каналы продвижения существуют?', 'MULTIPLE', 3),

       (18, 'Как переводится "Bonjour"?', 'SINGLE', 1),
       (18, 'Какие артикли есть во французском?', 'MULTIPLE', 2),
       (18, 'Проспрягайте глагол "être"', 'TEXT', 3),
       (18, 'Как образуется женский род прилагательных?', 'SINGLE', 1),
       (18, 'Какие числительные вы знаете?', 'MULTIPLE', 2),

       (19, 'Что такое алгоритм?', 'SINGLE', 2),
       (19, 'Какие алгоритмы сортировки вы знаете?', 'MULTIPLE', 3),
       (19, 'Реализуйте бинарный поиск на псевдокоде', 'TEXT', 5),
       (19, 'Что такое O-большое?', 'SINGLE', 2),
       (19, 'Какие структуры данных вы знаете?', 'MULTIPLE', 3),

       (20, 'Что изучает социология?', 'SINGLE', 2),
       (20, 'Какие социальные институты существуют?', 'MULTIPLE', 3),
       (20, 'Опишите теорию социальной стратификации', 'TEXT', 4),
       (20, 'Кто считается "отцом социологии"?', 'SINGLE', 2),
       (20, 'Какие методы социологических исследований существуют?', 'MULTIPLE', 3);

-- Данные для таблицы answer (по 2-4 ответа на каждый вопрос)
INSERT INTO answer (id_question, answer_text, is_correct)
VALUES
-- Ответы для вопросов теста 1
(1, 'print()', true),
(1, 'console.log()', false),
(1, 'echo', false),
(1, 'System.out.println()', false),

(2, 'list', true),
(2, 'dict', true),
(2, 'tuple', false),
(2, 'str', false),

(3, 'Ожидается корректная реализация функции', true),

(4, 'Способ создания списков', true),
(4, 'Тип данных', false),
(4, 'Библиотека', false),

(5, 'keys()', true),
(5, 'values()', true),
(5, 'append()', false),
(5, 'pop()', true),

-- Ответы для вопросов теста 2
(6, '2x', true),
(6, 'x', false),
(6, 'x²', false),
(6, 'x/2', false),

(7, 'f(x) = sin(x)', true),
(7, 'f(x) = 1/x при x>0', true),
(7, 'f(x) = [x] (целая часть)', false),

(8, '0.5', true),

(9, 'Приближение значения функции', true),
(9, 'Значение функции', false),
(9, 'Производная', false),

(10, 'Теорема Ролля', true),
(10, 'Теорема Лагранжа', true),
(10, 'Теорема Пифагора', false),

-- Ответы для вопросов теста 3
(11, 'have/has + III форма', true),
(11, 'was/were + ing', false),
(11, 'will + глагол', false),

(12, 'go - went - gone', true),
(12, 'eat - ate - eaten', true),
(12, 'play - played - played', false),

(13, 'I will be working at 5 pm', true),

(14, 'Глагол с предлогом', true),
(14, 'Устойчивое выражение', true),

(15, 'in', true),
(15, 'at', true),
(15, 'on', true),

-- Продолжение для остальных вопросов
(16, '1917', true),
(16, '1905', false),
(16, '1922', false),

(17, 'Развенчание культа личности', true),
(17, 'Освоение космоса', true),
(17, 'Коллективизация', false),

(18, 'Экономические проблемы', true),
(18, 'Политические факторы', true),

(19, 'Николай II', true),
(19, 'Александр III', false),

(20, 'Сталинградская битва', true),
(20, 'Курская дуга', true),
(20, 'Бородинское сражение', false);

-- Данные для таблицы test_attempt (50 записей)
INSERT INTO test_attempt (id_person, id_test, start_time, end_time, score, status)
VALUES (1, 1, '2024-02-01 09:00:00', '2024-02-01 09:45:00', 85, 'COMPLETED'),
       (2, 1, '2024-02-01 10:00:00', '2024-02-01 10:50:00', 70, 'COMPLETED'),
       (3, 2, '2024-02-02 11:00:00', '2024-02-02 12:15:00', 92, 'COMPLETED'),
       (4, 3, '2024-02-02 13:00:00', '2024-02-02 13:35:00', 60, 'COMPLETED'),
       (5, 4, '2024-02-03 09:30:00', '2024-02-03 10:40:00', 78, 'COMPLETED'),
       (6, 5, '2024-02-03 14:00:00', '2024-02-03 15:10:00', 88, 'COMPLETED'),
       (7, 1, '2024-02-04 10:15:00', NULL, NULL, 'IN_PROGRESS'),
       (8, 6, '2024-02-04 11:30:00', '2024-02-04 13:20:00', 95, 'COMPLETED'),
       (9, 7, '2024-02-05 09:45:00', '2024-02-05 10:35:00', 82, 'COMPLETED'),
       (10, 8, '2024-02-05 15:00:00', '2024-02-05 16:25:00', 73, 'COMPLETED'),
       (11, 2, '2024-02-06 10:00:00', NULL, NULL, 'IN_PROGRESS'),
       (12, 9, '2024-02-06 12:30:00', '2024-02-06 13:40:00', 90, 'COMPLETED'),
       (13, 10, '2024-02-07 09:15:00', '2024-02-07 10:05:00', 67, 'COMPLETED'),
       (14, 3, '2024-02-07 11:45:00', '2024-02-07 12:30:00', 79, 'COMPLETED'),
       (15, 11, '2024-02-08 14:00:00', '2024-02-08 15:30:00', 88, 'COMPLETED'),
       (16, 12, '2024-02-08 16:15:00', '2024-02-08 16:50:00', 71, 'COMPLETED'),
       (17, 4, '2024-02-09 09:30:00', '2024-02-09 10:15:00', 84, 'COMPLETED'),
       (18, 13, '2024-02-09 11:00:00', '2024-02-09 12:10:00', 93, 'COMPLETED'),
       (19, 14, '2024-02-10 10:30:00', NULL, NULL, 'IN_PROGRESS'),
       (20, 5, '2024-02-10 13:45:00', '2024-02-10 14:50:00', 76, 'COMPLETED'),
       (21, 15, '2024-02-11 09:00:00', '2024-02-11 09:40:00', 89, 'COMPLETED'),
       (22, 16, '2024-02-11 11:20:00', '2024-02-11 12:45:00', 68, 'COMPLETED'),
       (23, 6, '2024-02-12 14:00:00', NULL, NULL, 'IN_PROGRESS'),
       (24, 17, '2024-02-12 15:30:00', '2024-02-12 16:20:00', 91, 'COMPLETED'),
       (25, 18, '2024-02-13 09:15:00', '2024-02-13 09:55:00', 77, 'COMPLETED'),
       (26, 7, '2024-02-13 10:45:00', '2024-02-13 11:35:00', 83, 'COMPLETED'),
       (27, 19, '2024-02-14 12:00:00', '2024-02-14 13:40:00', 96, 'COMPLETED'),
       (28, 20, '2024-02-14 15:15:00', '2024-02-14 16:05:00', 72, 'COMPLETED'),
       (29, 8, '2024-02-15 09:30:00', '2024-02-15 10:20:00', 86, 'COMPLETED'),
       (30, 21, '2024-02-15 11:45:00', '2024-02-15 12:30:00', 79, 'COMPLETED'),
       (31, 22, '2024-02-16 13:00:00', NULL, NULL, 'BLOCKED'),
       (32, 9, '2024-02-16 14:30:00', '2024-02-16 15:45:00', 94, 'COMPLETED'),
       (33, 23, '2024-02-17 10:15:00', '2024-02-17 11:10:00', 81, 'COMPLETED'),
       (34, 24, '2024-02-17 12:30:00', '2024-02-17 13:20:00', 69, 'COMPLETED'),
       (35, 10, '2024-02-18 09:45:00', '2024-02-18 10:40:00', 87, 'COMPLETED'),
       (36, 25, '2024-02-18 14:00:00', '2024-02-18 15:15:00', 92, 'COMPLETED'),
       (37, 26, '2024-02-19 11:30:00', '2024-02-19 12:10:00', 74, 'COMPLETED'),
       (38, 11, '2024-02-19 13:45:00', '2024-02-19 14:50:00', 88, 'COMPLETED'),
       (39, 27, '2024-02-20 09:00:00', NULL, NULL, 'IN_PROGRESS'),
       (40, 28, '2024-02-20 10:30:00', '2024-02-20 11:45:00', 80, 'COMPLETED'),
       (41, 12, '2024-02-21 12:00:00', '2024-02-21 12:50:00', 85, 'COMPLETED'),
       (42, 29, '2024-02-21 14:15:00', '2024-02-21 15:30:00', 77, 'COMPLETED'),
       (43, 30, '2024-02-22 09:45:00', '2024-02-22 10:35:00', 91, 'COMPLETED'),
       (44, 13, '2024-02-22 11:30:00', '2024-02-22 12:40:00', 73, 'COMPLETED'),
       (45, 31, '2024-02-23 13:00:00', '2024-02-23 13:55:00', 89, 'COMPLETED'),
       (46, 32, '2024-02-23 15:30:00', NULL, NULL, 'BLOCKED'),
       (47, 14, '2024-02-24 09:15:00', '2024-02-24 10:25:00', 82, 'COMPLETED'),
       (48, 33, '2024-02-24 11:45:00', '2024-02-24 12:50:00', 95, 'COMPLETED'),
       (49, 34, '2024-02-25 14:00:00', '2024-02-25 15:10:00', 70, 'COMPLETED'),
       (50, 15, '2024-02-25 16:30:00', '2024-02-25 17:20:00', 86, 'COMPLETED');

-- Данные для таблицы activity_event (50 записей)
INSERT INTO activity_event (id_attempt, event_type, event_time, event_data)
VALUES (1, 'TEST_START', '2024-02-01 09:00:05', '{
  "browser": "Chrome",
  "os": "Windows"
}'),
       (1, 'QUESTION_ANSWERED', '2024-02-01 09:05:30', '{
         "question_id": 1,
         "time_spent": 325
       }'),
       (1, 'QUESTION_ANSWERED', '2024-02-01 09:12:15', '{
         "question_id": 2,
         "time_spent": 405
       }'),
       (1, 'QUESTION_ANSWERED', '2024-02-01 09:25:40', '{
         "question_id": 3,
         "time_spent": 805
       }'),
       (1, 'TEST_COMPLETE', '2024-02-01 09:45:10', '{
         "total_time": 2705,
         "answers": 5
       }'),

       (2, 'TEST_START', '2024-02-01 10:00:10', '{
         "browser": "Firefox",
         "os": "MacOS"
       }'),
       (2, 'QUESTION_ANSWERED', '2024-02-01 10:08:20', '{
         "question_id": 1,
         "time_spent": 490
       }'),
       (2, 'QUESTION_ANSWERED', '2024-02-01 10:20:45', '{
         "question_id": 2,
         "time_spent": 745
       }'),
       (2, 'WINDOW_BLUR', '2024-02-01 10:25:30', '{
         "duration": 15
       }'),
       (2, 'QUESTION_ANSWERED', '2024-02-01 10:35:10', '{
         "question_id": 3,
         "time_spent": 565
       }'),
       (2, 'TEST_COMPLETE', '2024-02-01 10:50:05', '{
         "total_time": 2995,
         "answers": 5
       }'),

       (3, 'TEST_START', '2024-02-02 11:00:15', '{
         "browser": "Safari",
         "os": "iOS"
       }'),
       (3, 'QUESTION_ANSWERED', '2024-02-02 11:15:30', '{
         "question_id": 6,
         "time_spent": 915
       }'),
       (3, 'QUESTION_ANSWERED', '2024-02-02 11:30:45', '{
         "question_id": 7,
         "time_spent": 915
       }'),
       (3, 'PAUSE', '2024-02-02 11:35:00', '{
         "duration": 120
       }'),
       (3, 'QUESTION_ANSWERED', '2024-02-02 11:50:20', '{
         "question_id": 8,
         "time_spent": 620
       }'),
       (3, 'TEST_COMPLETE', '2024-02-02 12:15:30', '{
         "total_time": 4515,
         "answers": 5
       }'),

       (4, 'TEST_START', '2024-02-02 13:00:20', '{
         "browser": "Edge",
         "os": "Windows"
       }'),
       (4, 'QUESTION_ANSWERED', '2024-02-02 13:08:15', '{
         "question_id": 11,
         "time_spent": 475
       }'),
       (4, 'WINDOW_BLUR', '2024-02-02 13:12:30', '{
         "duration": 25
       }'),
       (4, 'QUESTION_ANSWERED', '2024-02-02 13:20:40', '{
         "question_id": 12,
         "time_spent": 505
       }'),
       (4, 'QUESTION_ANSWERED', '2024-02-02 13:30:10', '{
         "question_id": 13,
         "time_spent": 570
       }'),
       (4, 'TEST_COMPLETE', '2024-02-02 13:35:50', '{
         "total_time": 2130,
         "answers": 5
       }'),

       (5, 'TEST_START', '2024-02-03 09:30:05', '{
         "browser": "Chrome",
         "os": "Linux"
       }'),
       (5, 'QUESTION_ANSWERED', '2024-02-03 09:45:30', '{
         "question_id": 16,
         "time_spent": 925
       }'),
       (5, 'QUESTION_ANSWERED', '2024-02-03 10:02:15', '{
         "question_id": 17,
         "time_spent": 1005
       }'),
       (5, 'WINDOW_BLUR', '2024-02-03 10:10:00', '{
         "duration": 45
       }'),
       (5, 'QUESTION_ANSWERED', '2024-02-03 10:25:40', '{
         "question_id": 18,
         "time_spent": 660
       }'),
       (5, 'TEST_COMPLETE', '2024-02-03 10:40:25', '{
         "total_time": 4220,
         "answers": 5
       }'),

       (6, 'TEST_START', '2024-02-03 14:00:00', '{
         "browser": "Firefox",
         "os": "Windows"
       }'),
       (6, 'QUESTION_ANSWERED', '2024-02-03 14:12:30', '{
         "question_id": 21,
         "time_spent": 750
       }'),
       (6, 'QUESTION_ANSWERED', '2024-02-03 14:28:45', '{
         "question_id": 22,
         "time_spent": 975
       }'),
       (6, 'PAUSE', '2024-02-03 14:35:00', '{
         "duration": 180
       }'),
       (6, 'QUESTION_ANSWERED', '2024-02-03 14:52:10', '{
         "question_id": 23,
         "time_spent": 550
       }'),
       (6, 'TEST_COMPLETE', '2024-02-03 15:10:15', '{
         "total_time": 4215,
         "answers": 5
       }'),

       (7, 'TEST_START', '2024-02-04 10:15:10', '{
         "browser": "Safari",
         "os": "MacOS"
       }'),
       (7, 'QUESTION_ANSWERED', '2024-02-04 10:22:30', '{
         "question_id": 1,
         "time_spent": 440
       }'),
       (7, 'QUESTION_ANSWERED', '2024-02-04 10:35:45', '{
         "question_id": 2,
         "time_spent": 795
       }'),
       (7, 'WINDOW_BLUR', '2024-02-04 10:40:15', '{
         "duration": 35
       }'),
       (7, 'QUESTION_ANSWERED', '2024-02-04 10:50:30', '{
         "question_id": 3,
         "time_spent": 585
       }'),

       (8, 'TEST_START', '2024-02-04 11:30:05', '{
         "browser": "Chrome",
         "os": "Windows"
       }'),
       (8, 'QUESTION_ANSWERED', '2024-02-04 11:45:20', '{
         "question_id": 26,
         "time_spent": 915
       }'),
       (8, 'QUESTION_ANSWERED', '2024-02-04 12:02:40', '{
         "question_id": 27,
         "time_spent": 1040
       }'),
       (8, 'QUESTION_ANSWERED', '2024-02-04 12:20:15', '{
         "question_id": 28,
         "time_spent": 1055
       }'),
       (8, 'TEST_COMPLETE', '2024-02-04 13:20:30', '{
         "total_time": 6625,
         "answers": 5
       }'),

       (9, 'TEST_START', '2024-02-05 09:45:15', '{
         "browser": "Firefox",
         "os": "Linux"
       }'),
       (9, 'QUESTION_ANSWERED', '2024-02-05 09:55:30', '{
         "question_id": 31,
         "time_spent": 615
       }'),
       (9, 'QUESTION_ANSWERED', '2024-02-05 10:08:45', '{
         "question_id": 32,
         "time_spent": 795
       }'),
       (9, 'PAUSE', '2024-02-05 10:15:00', '{
         "duration": 90
       }'),
       (9, 'QUESTION_ANSWERED', '2024-02-05 10:25:20', '{
         "question_id": 33,
         "time_spent": 440
       }'),
       (9, 'TEST_COMPLETE', '2024-02-05 10:35:50', '{
         "total_time": 3035,
         "answers": 5
       }'),

       (10, 'TEST_START', '2024-02-05 15:00:10', '{
         "browser": "Edge",
         "os": "Windows"
       }'),
       (10, 'QUESTION_ANSWERED', '2024-02-05 15:15:30', '{
         "question_id": 36,
         "time_spent": 920
       }'),
       (10, 'WINDOW_BLUR', '2024-02-05 15:22:15', '{
         "duration": 55
       }'),
       (10, 'QUESTION_ANSWERED', '2024-02-05 15:40:45', '{
         "question_id": 37,
         "time_spent": 1050
       }'),
       (10, 'QUESTION_ANSWERED', '2024-02-05 15:55:20', '{
         "question_id": 38,
         "time_spent": 875
       }'),
       (10, 'TEST_COMPLETE', '2024-02-05 16:25:40', '{
         "total_time": 5130,
         "answers": 5
       }'),

       (11, 'TEST_START', '2024-02-06 10:00:05', '{
         "browser": "Chrome",
         "os": "MacOS"
       }'),
       (11, 'QUESTION_ANSWERED', '2024-02-06 10:12:30', '{
         "question_id": 6,
         "time_spent": 745
       }'),
       (11, 'WINDOW_BLUR', '2024-02-06 10:18:45', '{
         "duration": 30
       }'),
       (11, 'QUESTION_ANSWERED', '2024-02-06 10:30:15', '{
         "question_id": 7,
         "time_spent": 690
       }'),
       (11, 'QUESTION_ANSWERED', '2024-02-06 10:45:40', '{
         "question_id": 8,
         "time_spent": 925
       }'),

       (12, 'TEST_START', '2024-02-06 12:30:15', '{
         "browser": "Safari",
         "os": "iOS"
       }'),
       (12, 'QUESTION_ANSWERED', '2024-02-06 12:42:30', '{
         "question_id": 41,
         "time_spent": 735
       }'),
       (12, 'QUESTION_ANSWERED', '2024-02-06 12:58:45', '{
         "question_id": 42,
         "time_spent": 975
       }'),
       (12, 'PAUSE', '2024-02-06 13:05:00', '{
         "duration": 150
       }'),
       (12, 'QUESTION_ANSWERED', '2024-02-06 13:22:10', '{
         "question_id": 43,
         "time_spent": 670
       }'),
       (12, 'TEST_COMPLETE', '2024-02-06 13:40:30', '{
         "total_time": 4215,
         "answers": 5
       }'),

       (13, 'TEST_START', '2024-02-07 09:15:20', '{
         "browser": "Firefox",
         "os": "Windows"
       }'),
       (13, 'QUESTION_ANSWERED', '2024-02-07 09:25:30', '{
         "question_id": 46,
         "time_spent": 610
       }'),
       (13, 'QUESTION_ANSWERED', '2024-02-07 09:38:45', '{
         "question_id": 47,
         "time_spent": 795
       }'),
       (13, 'WINDOW_BLUR', '2024-02-07 09:45:15', '{
         "duration": 25
       }'),
       (13, 'QUESTION_ANSWERED', '2024-02-07 09:55:40', '{
         "question_id": 48,
         "time_spent": 655
       }'),
       (13, 'TEST_COMPLETE', '2024-02-07 10:05:50', '{
         "total_time": 3030,
         "answers": 5
       }'),

       (14, 'TEST_START', '2024-02-07 11:45:05', '{
         "browser": "Chrome",
         "os": "Linux"
       }'),
       (14, 'QUESTION_ANSWERED', '2024-02-07 11:58:30', '{
         "question_id": 11,
         "time_spent": 805
       }'),
       (14, 'QUESTION_ANSWERED', '2024-02-07 12:12:15', '{
         "question_id": 12,
         "time_spent": 825
       }'),
       (14, 'PAUSE', '2024-02-07 12:18:00', '{
         "duration": 120
       }'),
       (14, 'QUESTION_ANSWERED', '2024-02-07 12:25:40', '{
         "question_id": 13,
         "time_spent": 340
       }'),
       (14, 'TEST_COMPLETE', '2024-02-07 12:30:20', '{
         "total_time": 2715,
         "answers": 5
       }'),

       (15, 'TEST_START', '2024-02-08 14:00:10', '{
         "browser": "Edge",
         "os": "Windows"
       }'),
       (15, 'QUESTION_ANSWERED', '2024-02-08 14:15:30', '{
         "question_id": 51,
         "time_spent": 920
       }'),
       (15, 'QUESTION_ANSWERED', '2024-02-08 14:32:45', '{
         "question_id": 52,
         "time_spent": 1035
       }'),
       (15, 'WINDOW_BLUR', '2024-02-08 14:40:15', '{
         "duration": 40
       }'),
       (15, 'QUESTION_ANSWERED', '2024-02-08 14:55:20', '{
         "question_id": 53,
         "time_spent": 755
       }'),
       (15, 'TEST_COMPLETE', '2024-02-08 15:30:40', '{
         "total_time": 5430,
         "answers": 5
       }'),

       (16, 'TEST_START', '2024-02-08 16:15:05', '{
         "browser": "Safari",
         "os": "MacOS"
       }'),
       (16, 'QUESTION_ANSWERED', '2024-02-08 16:25:30', '{
         "question_id": 56,
         "time_spent": 625
       }'),
       (16, 'QUESTION_ANSWERED', '2024-02-08 16:35:45', '{
         "question_id": 57,
         "time_spent": 615
       }'),
       (16, 'QUESTION_ANSWERED', '2024-02-08 16:45:20', '{
         "question_id": 58,
         "time_spent": 575
       }'),
       (16, 'TEST_COMPLETE', '2024-02-08 16:50:15', '{
         "total_time": 2110,
         "answers": 5
       }'),

       (17, 'TEST_START', '2024-02-09 09:30:00', '{
         "browser": "Chrome",
         "os": "Windows"
       }'),
       (17, 'QUESTION_ANSWERED', '2024-02-09 09:42:30', '{
         "question_id": 16,
         "time_spent": 750
       }'),
       (17, 'WINDOW_BLUR', '2024-02-09 09:48:15', '{
         "duration": 20
       }'),
       (17, 'QUESTION_ANSWERED', '2024-02-09 09:58:45', '{
         "question_id": 17,
         "time_spent": 630
       }'),
       (17, 'QUESTION_ANSWERED', '2024-02-09 10:08:20', '{
         "question_id": 18,
         "time_spent": 575
       }'),
       (17, 'TEST_COMPLETE', '2024-02-09 10:15:30', '{
         "total_time": 2730,
         "answers": 5
       }'),

       (18, 'TEST_START', '2024-02-09 11:00:15', '{
         "browser": "Firefox",
         "os": "Linux"
       }'),
       (18, 'QUESTION_ANSWERED', '2024-02-09 11:15:30', '{
         "question_id": 61,
         "time_spent": 915
       }'),
       (18, 'QUESTION_ANSWERED', '2024-02-09 11:32:45', '{
         "question_id": 62,
         "time_spent": 1035
       }'),
       (18, 'PAUSE', '2024-02-09 11:40:00', '{
         "duration": 180
       }'),
       (18, 'QUESTION_ANSWERED', '2024-02-09 11:58:20', '{
         "question_id": 63,
         "time_spent": 620
       }'),
       (18, 'TEST_COMPLETE', '2024-02-09 12:10:40', '{
         "total_time": 4225,
         "answers": 5
       }'),

       (19, 'TEST_START', '2024-02-10 10:30:20', '{
         "browser": "Safari",
         "os": "iOS"
       }'),
       (19, 'QUESTION_ANSWERED', '2024-02-10 10:42:30', '{
         "question_id": 66,
         "time_spent": 730
       }'),
       (19, 'QUESTION_ANSWERED', '2024-02-10 10:55:45', '{
         "question_id": 67,
         "time_spent": 795
       }'),
       (19, 'WINDOW_BLUR', '2024-02-10 11:02:15', '{
         "duration": 45
       }'),
       (19, 'QUESTION_ANSWERED', '2024-02-10 11:12:40', '{
         "question_id": 68,
         "time_spent": 625
       }'),

       (20, 'TEST_START', '2024-02-10 13:45:05', '{
         "browser": "Chrome",
         "os": "Windows"
       }'),
       (20, 'QUESTION_ANSWERED', '2024-02-10 13:58:30', '{
         "question_id": 21,
         "time_spent": 805
       }'),
       (20, 'QUESTION_ANSWERED', '2024-02-10 14:12:15', '{
         "question_id": 22,
         "time_spent": 825
       }'),
       (20, 'PAUSE', '2024-02-10 14:20:00', '{
         "duration": 90
       }'),
       (20, 'QUESTION_ANSWERED', '2024-02-10 14:32:40', '{
         "question_id": 23,
         "time_spent": 520
       }'),
       (20, 'TEST_COMPLETE', '2024-02-10 14:50:30', '{
         "total_time": 3925,
         "answers": 5
       }');

-- Данные для таблицы violation (50 записей)
INSERT INTO violation (id_attempt, id_event, violation_type, severity, created_at)
VALUES (2, 9, 'WINDOW_SWITCH', 3, '2024-02-01 10:25:30'),
       (4, 22, 'WINDOW_SWITCH', 2, '2024-02-02 13:12:30'),
       (5, 28, 'WINDOW_SWITCH', 4, '2024-02-03 10:10:00'),
       (7, 38, 'WINDOW_SWITCH', 2, '2024-02-04 10:40:15'),
       (10, 52, 'WINDOW_SWITCH', 5, '2024-02-05 15:22:15'),
       (11, 56, 'WINDOW_SWITCH', 3, '2024-02-06 10:18:45'),
       (13, 64, 'WINDOW_SWITCH', 2, '2024-02-07 09:45:15'),
       (15, 72, 'WINDOW_SWITCH', 4, '2024-02-08 14:40:15'),
       (17, 80, 'WINDOW_SWITCH', 2, '2024-02-09 09:48:15'),
       (19, 86, 'WINDOW_SWITCH', 4, '2024-02-10 11:02:15'),
       (3, 17, 'TEST_PAUSE', 1, '2024-02-02 11:35:00'),
       (6, 34, 'TEST_PAUSE', 1, '2024-02-03 14:35:00'),
       (9, 46, 'TEST_PAUSE', 1, '2024-02-05 10:15:00'),
       (12, 60, 'TEST_PAUSE', 2, '2024-02-06 13:05:00'),
       (14, 69, 'TEST_PAUSE', 1, '2024-02-07 12:18:00'),
       (18, 84, 'TEST_PAUSE', 2, '2024-02-09 11:40:00'),
       (20, 91, 'TEST_PAUSE', 1, '2024-02-10 14:20:00'),
       (23, NULL, 'SUSPICIOUS_ACTIVITY', 6, '2024-02-12 14:15:00'),
       (31, NULL, 'BLOCKED_BY_SYSTEM', 8, '2024-02-16 13:30:00'),
       (46, NULL, 'BLOCKED_BY_SYSTEM', 7, '2024-02-23 15:45:00'),
       (1, 2, 'FAST_ANSWER', 2, '2024-02-01 09:05:30'),
       (2, 8, 'FAST_ANSWER', 3, '2024-02-01 10:20:45'),
       (4, 23, 'FAST_ANSWER', 2, '2024-02-02 13:30:10'),
       (5, 29, 'FAST_ANSWER', 2, '2024-02-03 10:25:40'),
       (6, 35, 'FAST_ANSWER', 2, '2024-02-03 15:10:15'),
       (8, 40, 'FAST_ANSWER', 4, '2024-02-04 12:20:15'),
       (9, 47, 'FAST_ANSWER', 2, '2024-02-05 10:25:20'),
       (10, 53, 'FAST_ANSWER', 3, '2024-02-05 15:55:20'),
       (11, 58, 'FAST_ANSWER', 3, '2024-02-06 10:45:40'),
       (12, 61, 'FAST_ANSWER', 2, '2024-02-06 13:22:10'),
       (13, 65, 'FAST_ANSWER', 2, '2024-02-07 09:55:40'),
       (14, 70, 'FAST_ANSWER', 2, '2024-02-07 12:25:40'),
       (15, 73, 'FAST_ANSWER', 4, '2024-02-08 14:55:20'),
       (16, 78, 'FAST_ANSWER', 2, '2024-02-08 16:45:20'),
       (17, 81, 'FAST_ANSWER', 3, '2024-02-09 10:08:20'),
       (18, 85, 'FAST_ANSWER', 2, '2024-02-09 11:58:20'),
       (19, 87, 'FAST_ANSWER', 2, '2024-02-10 11:12:40'),
       (20, 92, 'FAST_ANSWER', 3, '2024-02-10 14:50:30'),
       (21, NULL, 'IP_CHANGE', 5, '2024-02-11 09:30:00'),
       (22, NULL, 'IP_CHANGE', 4, '2024-02-11 12:00:00'),
       (24, NULL, 'IP_CHANGE', 3, '2024-02-12 16:00:00'),
       (25, NULL, 'UNUSUAL_PATTERN', 3, '2024-02-13 09:45:00'),
       (26, NULL, 'UNUSUAL_PATTERN', 4, '2024-02-13 11:20:00'),
       (27, NULL, 'UNUSUAL_PATTERN', 2, '2024-02-14 13:15:00'),
       (28, NULL, 'UNUSUAL_PATTERN', 5, '2024-02-14 15:50:00'),
       (29, NULL, 'SUSPICIOUS_ACTIVITY', 6, '2024-02-15 10:05:00'),
       (30, NULL, 'SUSPICIOUS_ACTIVITY', 4, '2024-02-15 12:15:00'),
       (32, NULL, 'SUSPICIOUS_ACTIVITY', 5, '2024-02-16 15:30:00'),
       (33, NULL, 'SUSPICIOUS_ACTIVITY', 3, '2024-02-17 10:55:00');